{
    "drink": [
        "玄娃芒果汁250ml",
        "玄娃葡萄汁250ml",
        "玄娃柠檬汁250ml",
        "玄娃荔枝汁250ml"
    ],
    "food": [
        "玄娃麻辣牛肉干250g",
        "玄娃咖喱牛肉干250g",
        "玄娃原味牛肉干250g",
        "玄娃孜然牛肉干250g"
    ],
    "wine": [
        "玄娃38度白酒500ml",
        "玄娃45度白酒500ml",
        "玄娃52度白酒500ml",
        "玄娃62度白酒500ml"
    ],
    "wollen": [
        "玄娃纯棉毛巾白色72*34cm",
        "玄娃纯棉毛巾条纹72*34cm",
        "玄娃纯棉毛巾黄色72*34cm",
        "玄娃纯棉毛巾蓝色72*34cm"
    ],
    "darily": [
        "玄娃沐浴露300ml",
        "玄娃沐浴露400ml",
        "玄娃沐浴露720ml",
        "玄娃沐浴露1000ml"
    ],
    "medicine": [
        "玄娃整肠丸50丸装",
        "玄娃整肠丸100丸装",
        "玄娃整肠丸150丸装",
        "玄娃整肠丸200丸装"
    ],
    "fodder": [
        "玄娃速肥（畜禽通用型）",
        "玄娃速肥（牛、羊)",
        "金维素（种猪通用型)",
        "霉解素--高效脱霉剂"
    ],
    "freeze": [
        "玄娃牛肉丸500g",
        "玄娃鱼蛋500g",
        "玄娃墨鱼丸500g",
        "玄娃猪肉丸500g"
    ]
}
